<?xml version="1.0"?>
<WLANProfile xmlns="http://www.microsoft.com/networking/WLAN/profile/v1">
	<name>eduroam-wpa</name>
	<SSIDConfig>
		<SSID>
			<hex>656475726F616D2D777061</hex>
			<name>eduroam-wpa</name>
		</SSID>
		<nonBroadcast>false</nonBroadcast>
	</SSIDConfig>
	<connectionType>ESS</connectionType>
	<connectionMode>auto</connectionMode>
	<autoSwitch>false</autoSwitch>
	<MSM>
		<security>
			<authEncryption>
				<authentication>WPA</authentication>
				<encryption>TKIP</encryption>
				<useOneX>true</useOneX>
			</authEncryption>
			<OneX xmlns="http://www.microsoft.com/networking/OneX/v1">
				<EAPConfig><EapHostConfig xmlns="http://www.microsoft.com/provisioning/EapHostConfig"><EapMethod><Type xmlns="http://www.microsoft.com/provisioning/EapCommon">25</Type><VendorId xmlns="http://www.microsoft.com/provisioning/EapCommon">0</VendorId><VendorType xmlns="http://www.microsoft.com/provisioning/EapCommon">0</VendorType><AuthorId xmlns="http://www.microsoft.com/provisioning/EapCommon">0</AuthorId></EapMethod><Config xmlns="http://www.microsoft.com/provisioning/EapHostConfig"><Eap xmlns="http://www.microsoft.com/provisioning/BaseEapConnectionPropertiesV1"><Type>25</Type><EapType xmlns="http://www.microsoft.com/provisioning/MsPeapConnectionPropertiesV1"><ServerValidation><DisableUserPromptForServerValidation>false</DisableUserPromptForServerValidation><ServerNames></ServerNames></ServerValidation><FastReconnect>true</FastReconnect><InnerEapOptional>false</InnerEapOptional><Eap xmlns="http://www.microsoft.com/provisioning/BaseEapConnectionPropertiesV1"><Type>26</Type><EapType xmlns="http://www.microsoft.com/provisioning/MsChapV2ConnectionPropertiesV1"><UseWinLogonCredentials>false</UseWinLogonCredentials></EapType></Eap><EnableQuarantineChecks>false</EnableQuarantineChecks><RequireCryptoBinding>false</RequireCryptoBinding><PeapExtensions><PerformServerValidation xmlns="http://www.microsoft.com/provisioning/MsPeapConnectionPropertiesV2">false</PerformServerValidation><AcceptServerName xmlns="http://www.microsoft.com/provisioning/MsPeapConnectionPropertiesV2">false</AcceptServerName></PeapExtensions></EapType></Eap></Config></EapHostConfig></EAPConfig>
			</OneX>
		</security>
	</MSM>
</WLANProfile>
